{
  "parent": "minecraft:recipes/root",
  "criteria": {
    "has_the_recipe": {
      "conditions": {
        "recipe": "fighterfromstone:bomber_helmet_train"
      },
      "trigger": "minecraft:recipe_unlocked"
    },
    "has_thick_leather": {
      "conditions": {
        "items": [
          {
            "items": [
              "fighterfromstone:thick_leather"
            ]
          }
        ]
      },
      "trigger": "minecraft:inventory_changed"
    }
  },
  "requirements": [
    [
      "has_thick_leather",
      "has_the_recipe"
    ]
  ],
  "rewards": {
    "recipes": [
      "fighterfromstone:bomber_helmet_train"
    ]
  },
  "sends_telemetry_event": false
}