{
  "type": "minecraft:crafting_shapeless",
  "category": "misc",
  "group": "flax_oil",
  "ingredients": [
    {
      "item": "fighterfromstone:flax_seed"
    },
    {
      "item": "fighterfromstone:flax_seed"
    },
    {
      "item": "fighterfromstone:flax_seed"
    },
    {
      "item": "fighterfromstone:flax_seed"
    },
    {
      "item": "fighterfromstone:flax_seed"
    },
    {
      "item": "fighterfromstone:flax_seed"
    },
    {
      "item": "minecraft:glass_bottle"
    }
  ],
  "result": {
    "item": "fighterfromstone:flax_oil"
  }
}