{
  "parent": "minecraft:fighterfromstone/get_petroleum_bucket",
  "criteria": {
    "get_asphalt": {
      "conditions": {
        "items": [
          {
            "items": [
              "fighterfromstone:asphalt"
            ]
          }
        ]
      },
      "trigger": "minecraft:inventory_changed"
    }
  },
  "display": {
    "announce_to_chat": true,
    "description": {
      "translate": "advancement.fighterfromstone.get_asphalt.description"
    },
    "frame": "task",
    "hidden": false,
    "icon": {
      "item": "fighterfromstone:asphalt"
    },
    "show_toast": true,
    "title": {
      "translate": "advancement.fighterfromstone.get_asphalt.title"
    }
  },
  "requirements": [
    [
      "get_asphalt"
    ]
  ],
  "sends_telemetry_event": true
}