{
  "parent": "minecraft:fighterfromstone/get_petroleum_bucket",
  "criteria": {
    "get_fuel_bucket": {
      "conditions": {
        "items": [
          {
            "items": [
              "fighterfromstone:fuel_bucket"
            ]
          }
        ]
      },
      "trigger": "minecraft:inventory_changed"
    }
  },
  "display": {
    "announce_to_chat": true,
    "description": {
      "translate": "advancement.fighterfromstone.get_fuel_bucket.description"
    },
    "frame": "task",
    "hidden": false,
    "icon": {
      "item": "fighterfromstone:fuel_bucket"
    },
    "show_toast": true,
    "title": {
      "translate": "advancement.fighterfromstone.get_fuel_bucket.title"
    }
  },
  "requirements": [
    [
      "get_fuel_bucket"
    ]
  ],
  "sends_telemetry_event": true
}