{
  "parent": "minecraft:fighterfromstone/get_flax_seed",
  "criteria": {
    "get_flax_oil": {
      "conditions": {
        "items": [
          {
            "items": [
              "fighterfromstone:flax_oil"
            ]
          }
        ]
      },
      "trigger": "minecraft:inventory_changed"
    }
  },
  "display": {
    "announce_to_chat": true,
    "description": {
      "translate": "advancement.fighterfromstone.get_flax_oil.description"
    },
    "frame": "task",
    "hidden": false,
    "icon": {
      "item": "fighterfromstone:flax_oil"
    },
    "show_toast": true,
    "title": {
      "translate": "advancement.fighterfromstone.get_flax_oil.title"
    }
  },
  "requirements": [
    [
      "get_flax_oil"
    ]
  ],
  "sends_telemetry_event": true
}