{
  "parent": "minecraft:fighterfromstone/root",
  "criteria": {
    "get_flax_seed": {
      "conditions": {
        "items": [
          {
            "items": [
              "fighterfromstone:flax_seed"
            ]
          }
        ]
      },
      "trigger": "minecraft:inventory_changed"
    }
  },
  "display": {
    "announce_to_chat": true,
    "description": {
      "translate": "advancement.fighterfromstone.get_flax_seed.description"
    },
    "frame": "task",
    "hidden": false,
    "icon": {
      "item": "fighterfromstone:flax_seed"
    },
    "show_toast": true,
    "title": {
      "translate": "advancement.fighterfromstone.get_flax_seed.title"
    }
  },
  "requirements": [
    [
      "get_flax_seed"
    ]
  ],
  "sends_telemetry_event": true
}