{
  "parent": "minecraft:fighterfromstone/get_flax_seed",
  "criteria": {
    "get_bomber_jacket": {
      "conditions": {
        "items": [
          {
            "items": [
              "fighterfromstone:bomber_jacket_train"
            ]
          },
          {
            "items": [
              "fighterfromstone:bomber_helmet_train"
            ]
          },
          {
            "items": [
              "fighterfromstone:bomber_pants_train"
            ]
          }
        ]
      },
      "trigger": "minecraft:inventory_changed"
    }
  },
  "display": {
    "announce_to_chat": true,
    "description": {
      "translate": "advancement.fighterfromstone.get_bomber_jacket.description"
    },
    "frame": "task",
    "hidden": false,
    "icon": {
      "item": "fighterfromstone:bomber_jacket_train",
      "nbt": "{Damage:0}"
    },
    "show_toast": true,
    "title": {
      "translate": "advancement.fighterfromstone.get_bomber_jacket.title"
    }
  },
  "requirements": [
    [
      "get_bomber_jacket"
    ]
  ],
  "sends_telemetry_event": true
}