{
  "criteria": {
    "fighterfromstone_root": {
      "conditions": {},
      "trigger": "minecraft:tick"
    }
  },
  "display": {
    "announce_to_chat": false,
    "background": "fighterfromstone:textures/block/aluminium_block.png",
    "description": {
      "translate": "advancement.fighterfromstone.root.description"
    },
    "frame": "task",
    "hidden": false,
    "icon": {
      "item": "fighterfromstone:wooden_airplane_blueprint"
    },
    "show_toast": false,
    "title": {
      "translate": "advancement.fighterfromstone.root.title"
    }
  },
  "requirements": [
    [
      "fighterfromstone_root"
    ]
  ],
  "sends_telemetry_event": true
}