{
  "parent": "minecraft:fighterfromstone/get_petroleum_bucket",
  "criteria": {
    "sink_petroleum": {
      "conditions": {
        "block": "fighterfromstone:petroleum"
      },
      "trigger": "minecraft:enter_block"
    }
  },
  "display": {
    "announce_to_chat": true,
    "description": {
      "translate": "advancement.fighterfromstone.sink_petroleum.description"
    },
    "frame": "goal",
    "hidden": true,
    "icon": {
      "item": "fighterfromstone:petroleum_bucket"
    },
    "show_toast": true,
    "title": {
      "translate": "advancement.fighterfromstone.sink_petroleum.title"
    }
  },
  "requirements": [
    [
      "sink_petroleum"
    ]
  ],
  "sends_telemetry_event": true
}