{
  "parent": "minecraft:recipes/root",
  "criteria": {
    "has_rocky_soil": {
      "conditions": {
        "items": [
          {
            "items": [
              "fighterfromstone:rocky_soil"
            ]
          }
        ]
      },
      "trigger": "minecraft:inventory_changed"
    },
    "has_the_recipe": {
      "conditions": {
        "recipe": "fighterfromstone:aluminium_ingot_from_maglav_method"
      },
      "trigger": "minecraft:recipe_unlocked"
    }
  },
  "requirements": [
    [
      "has_rocky_soil",
      "has_the_recipe"
    ]
  ],
  "rewards": {
    "recipes": [
      "fighterfromstone:aluminium_ingot_from_maglav_method"
    ]
  },
  "sends_telemetry_event": false
}