{
  "parent": "minecraft:recipes/root",
  "criteria": {
    "has_aluminium_ingot": {
      "conditions": {
        "items": [
          {
            "items": [
              "fighterfromstone:aluminium_ingot"
            ]
          }
        ]
      },
      "trigger": "minecraft:inventory_changed"
    },
    "has_the_recipe": {
      "conditions": {
        "recipe": "fighterfromstone:aluminium_plate"
      },
      "trigger": "minecraft:recipe_unlocked"
    }
  },
  "requirements": [
    [
      "has_aluminium_ingot",
      "has_the_recipe"
    ]
  ],
  "rewards": {
    "recipes": [
      "fighterfromstone:aluminium_plate"
    ]
  },
  "sends_telemetry_event": false
}