{
  "parent": "minecraft:recipes/root",
  "criteria": {
    "has_petroleum_bucket": {
      "conditions": {
        "items": [
          {
            "items": [
              "fighterfromstone:petroleum_bucket"
            ]
          }
        ]
      },
      "trigger": "minecraft:inventory_changed"
    },
    "has_the_recipe": {
      "conditions": {
        "recipe": "fighterfromstone:asphalt_from_blasting"
      },
      "trigger": "minecraft:recipe_unlocked"
    }
  },
  "requirements": [
    [
      "has_petroleum_bucket",
      "has_the_recipe"
    ]
  ],
  "rewards": {
    "recipes": [
      "fighterfromstone:asphalt_from_blasting"
    ]
  },
  "sends_telemetry_event": false
}