{
  "parent": "minecraft:recipes/root",
  "criteria": {
    "has_flax_fabric": {
      "conditions": {
        "items": [
          {
            "items": [
              "fighterfromstone:flax_fabric"
            ]
          }
        ]
      },
      "trigger": "minecraft:inventory_changed"
    },
    "has_the_recipe": {
      "conditions": {
        "recipe": "fighterfromstone:cloth"
      },
      "trigger": "minecraft:recipe_unlocked"
    }
  },
  "requirements": [
    [
      "has_flax_fabric",
      "has_the_recipe"
    ]
  ],
  "rewards": {
    "recipes": [
      "fighterfromstone:cloth"
    ]
  },
  "sends_telemetry_event": false
}