{
  "parent": "minecraft:recipes/root",
  "criteria": {
    "has_bauxite_block": {
      "conditions": {
        "items": [
          {
            "items": [
              "fighterfromstone:bauxite_block"
            ]
          }
        ]
      },
      "trigger": "minecraft:inventory_changed"
    },
    "has_the_recipe": {
      "conditions": {
        "recipe": "fighterfromstone:rocky_soil_from_bauxite_block_smelting"
      },
      "trigger": "minecraft:recipe_unlocked"
    }
  },
  "requirements": [
    [
      "has_bauxite_block",
      "has_the_recipe"
    ]
  ],
  "rewards": {
    "recipes": [
      "fighterfromstone:rocky_soil_from_bauxite_block_smelting"
    ]
  },
  "sends_telemetry_event": false
}