{
  "parent": "minecraft:item/generated",
  "overrides": [
    {
      "model": "fighterfromstone:item/bomber_helmet_train_quartz_trim",
      "predicate": {
        "trim_type": 0.1
      }
    },
    {
      "model": "fighterfromstone:item/bomber_helmet_train_iron_trim",
      "predicate": {
        "trim_type": 0.2
      }
    },
    {
      "model": "fighterfromstone:item/bomber_helmet_train_netherite_trim",
      "predicate": {
        "trim_type": 0.3
      }
    },
    {
      "model": "fighterfromstone:item/bomber_helmet_train_redstone_trim",
      "predicate": {
        "trim_type": 0.4
      }
    },
    {
      "model": "fighterfromstone:item/bomber_helmet_train_copper_trim",
      "predicate": {
        "trim_type": 0.5
      }
    },
    {
      "model": "fighterfromstone:item/bomber_helmet_train_gold_trim",
      "predicate": {
        "trim_type": 0.6
      }
    },
    {
      "model": "fighterfromstone:item/bomber_helmet_train_emerald_trim",
      "predicate": {
        "trim_type": 0.7
      }
    },
    {
      "model": "fighterfromstone:item/bomber_helmet_train_diamond_trim",
      "predicate": {
        "trim_type": 0.8
      }
    },
    {
      "model": "fighterfromstone:item/bomber_helmet_train_lapis_trim",
      "predicate": {
        "trim_type": 0.9
      }
    },
    {
      "model": "fighterfromstone:item/bomber_helmet_train_amethyst_trim",
      "predicate": {
        "trim_type": 1.0
      }
    }
  ],
  "textures": {
    "layer0": "fighterfromstone:item/bomber_helmet_train"
  }
}