{
	"credit": "Made with Blockbench",
	"texture_size": [64, 64],
	"textures": {
		"0": "fighterfromstone:block/approach_path_indicator",
		"particle": "fighterfromstone:block/approach_path_indicator"
	},
	"elements": [
		{
			"from": [0, 8, 7],
			"to": [16, 16, 10],
			"faces": {
				"north": {"uv": [0, 0, 4, 2], "texture": "#0"},
				"east": {"uv": [4, 0.75, 4.75, 2.75], "texture": "#0"},
				"south": {"uv": [0, 2, 4, 4], "texture": "#0"},
				"west": {"uv": [4, 2.75, 4.75, 4.75], "texture": "#0"},
				"up": {"uv": [4, 4.75, 0, 4], "texture": "#0"},
				"down": {"uv": [8, 0, 4, 0.75], "texture": "#0"}
			}
		},
		{
			"from": [1, 0, 7],
			"to": [3, 8, 9],
			"faces": {
				"north": {"uv": [0, 4.75, 0.5, 6.75], "texture": "#0"},
				"east": {"uv": [0.5, 4.75, 1, 6.75], "texture": "#0"},
				"south": {"uv": [4.75, 0.75, 5.25, 2.75], "texture": "#0"},
				"west": {"uv": [1, 4.75, 1.5, 6.75], "texture": "#0"},
				"up": {"uv": [5.75, 4.75, 5.25, 4.25], "texture": "#0"},
				"down": {"uv": [5.25, 5.25, 4.75, 5.75], "texture": "#0"}
			}
		},
		{
			"from": [13, 0, 7],
			"to": [15, 8, 9],
			"faces": {
				"north": {"uv": [1.5, 4.75, 2, 6.75], "texture": "#0"},
				"east": {"uv": [2, 4.75, 2.5, 6.75], "texture": "#0"},
				"south": {"uv": [2.5, 4.75, 3, 6.75], "texture": "#0"},
				"west": {"uv": [4.75, 2.75, 5.25, 4.75], "texture": "#0"},
				"up": {"uv": [5.75, 5.75, 5.25, 5.25], "texture": "#0"},
				"down": {"uv": [6, 2.25, 5.5, 2.75], "texture": "#0"}
			}
		},
		{
			"from": [0, 8, 6],
			"to": [1, 16, 7],
			"faces": {
				"north": {"uv": [5.25, 2.25, 5.5, 4.25], "texture": "#0"},
				"east": {"uv": [3, 5.25, 3.25, 7.25], "texture": "#0"},
				"south": {"uv": [3.25, 5.25, 3.5, 7.25], "texture": "#0"},
				"west": {"uv": [3.5, 5.25, 3.75, 7.25], "texture": "#0"},
				"up": {"uv": [5.75, 3, 5.5, 2.75], "texture": "#0"},
				"down": {"uv": [5.75, 3, 5.5, 3.25], "texture": "#0"}
			}
		},
		{
			"from": [15, 8, 6],
			"to": [16, 16, 7],
			"faces": {
				"north": {"uv": [3.75, 5.25, 4, 7.25], "texture": "#0"},
				"east": {"uv": [4, 5.25, 4.25, 7.25], "texture": "#0"},
				"south": {"uv": [4.25, 5.25, 4.5, 7.25], "texture": "#0"},
				"west": {"uv": [4.5, 5.25, 4.75, 7.25], "texture": "#0"},
				"up": {"uv": [5.75, 3.5, 5.5, 3.25], "texture": "#0"},
				"down": {"uv": [5.75, 3.5, 5.5, 3.75], "texture": "#0"}
			}
		},
		{
			"from": [1, 15, 6],
			"to": [15, 16, 7],
			"faces": {
				"north": {"uv": [3, 4.75, 6.5, 5], "texture": "#0"},
				"east": {"uv": [5.5, 3.75, 5.75, 4], "texture": "#0"},
				"south": {"uv": [3, 5, 6.5, 5.25], "texture": "#0"},
				"west": {"uv": [5.5, 4, 5.75, 4.25], "texture": "#0"},
				"up": {"uv": [8.75, 1, 5.25, 0.75], "texture": "#0"},
				"down": {"uv": [8.75, 1, 5.25, 1.25], "texture": "#0"}
			}
		},
		{
			"from": [1, 8, 6],
			"to": [15, 9, 7],
			"faces": {
				"north": {"uv": [5.25, 1.25, 8.75, 1.5], "texture": "#0"},
				"east": {"uv": [5.75, 2.75, 6, 3], "texture": "#0"},
				"south": {"uv": [5.25, 1.5, 8.75, 1.75], "texture": "#0"},
				"west": {"uv": [5.75, 3, 6, 3.25], "texture": "#0"},
				"up": {"uv": [8.75, 2, 5.25, 1.75], "texture": "#0"},
				"down": {"uv": [8.75, 2, 5.25, 2.25], "texture": "#0"}
			}
		}
	],
	"display": {},
	"groups": [
		{
			"name": "VoxelShapes",
			"origin": [0, 0, 0],
			"color": 0,
			"nbt": "{}",
			"children": [0, 1, 2, 3, 4, 5, 6]
		}
	]
}