{
	"credit": "Made with Blockbench",
	"texture_size": [64, 64],
	"textures": {
		"0": "fighterfromstone:block/refining_machine",
		"particle": "fighterfromstone:block/refining_machine"
	},
	"elements": [
		{
			"from": [1, 0, 1],
			"to": [15, 2, 15],
			"faces": {
				"north": {"uv": [3.5, 1, 7, 1.5], "texture": "#0"},
				"east": {"uv": [3.5, 1, 7, 1.5], "texture": "#0"},
				"south": {"uv": [3.5, 1, 7, 1.5], "texture": "#0"},
				"west": {"uv": [3.5, 1, 7, 1.5], "texture": "#0"},
				"up": {"uv": [3.5, 7, 0, 3.5], "texture": "#0"},
				"down": {"uv": [3.5, 3.5, 0, 7], "texture": "#0"}
			}
		},
		{
			"from": [2, 4, 2],
			"to": [7, 9, 7],
			"faces": {
				"north": {"uv": [3.5, 4.5, 4.75, 5.75], "texture": "#0"},
				"east": {"uv": [3.5, 4.5, 4.75, 5.75], "texture": "#0"},
				"south": {"uv": [3.5, 4.5, 4.75, 5.75], "texture": "#0"},
				"west": {"uv": [3.5, 4.5, 4.75, 5.75], "texture": "#0"},
				"up": {"uv": [6, 4.5, 4.75, 3.25], "texture": "#0"},
				"down": {"uv": [6, 3.25, 4.75, 4.5], "texture": "#0"}
			}
		},
		{
			"from": [9, 2, 8],
			"to": [14, 7, 13],
			"faces": {
				"north": {"uv": [3.5, 4.5, 4.75, 5.75], "texture": "#0"},
				"east": {"uv": [3.5, 4.5, 4.75, 5.75], "texture": "#0"},
				"south": {"uv": [3.5, 4.5, 4.75, 5.75], "texture": "#0"},
				"west": {"uv": [3.5, 4.5, 4.75, 5.75], "texture": "#0"},
				"up": {"uv": [6, 4.5, 4.75, 3.25], "texture": "#0"},
				"down": {"uv": [7.25, 5.75, 6, 7], "texture": "#0"}
			}
		},
		{
			"from": [4, 9, 4],
			"to": [13, 11, 6],
			"faces": {
				"north": {"uv": [0, 7, 2.25, 7.5], "texture": "#0"},
				"east": {"uv": [4.75, 7, 5.25, 7.5], "texture": "#0"},
				"south": {"uv": [7, 0, 9.25, 0.5], "texture": "#0"},
				"west": {"uv": [5.25, 7, 5.75, 7.5], "texture": "#0"},
				"up": {"uv": [9.25, 1, 7, 0.5], "texture": "#0"},
				"down": {"uv": [9.25, 1, 7, 1.5], "texture": "#0"}
			}
		},
		{
			"from": [11, 9, 6],
			"to": [13, 11, 12],
			"faces": {
				"north": {"uv": [5.75, 7, 6.25, 7.5], "texture": "#0"},
				"east": {"uv": [7, 1.5, 8.5, 2], "texture": "#0"},
				"south": {"uv": [6.25, 7, 6.75, 7.5], "texture": "#0"},
				"west": {"uv": [2.25, 7, 3.75, 7.5], "texture": "#0"},
				"up": {"uv": [4.25, 8.5, 3.75, 7], "texture": "#0"},
				"down": {"uv": [4.75, 7, 4.25, 8.5], "texture": "#0"}
			}
		},
		{
			"from": [11, 7, 10],
			"to": [13, 9, 12],
			"faces": {
				"north": {"uv": [6.75, 7, 7.25, 7.5], "texture": "#0"},
				"east": {"uv": [7.25, 2, 7.75, 2.5], "texture": "#0"},
				"south": {"uv": [7.25, 2.5, 7.75, 3], "texture": "#0"},
				"west": {"uv": [7.25, 3, 7.75, 3.5], "texture": "#0"},
				"up": {"uv": [7.75, 4, 7.25, 3.5], "texture": "#0"},
				"down": {"uv": [7.75, 4, 7.25, 4.5], "texture": "#0"}
			}
		},
		{
			"from": [2, 2, 6],
			"to": [3, 4, 7],
			"faces": {
				"north": {"uv": [7.25, 4.5, 7.5, 5], "texture": "#0"},
				"east": {"uv": [7.25, 5, 7.5, 5.5], "texture": "#0"},
				"south": {"uv": [7.25, 5.5, 7.5, 6], "texture": "#0"},
				"west": {"uv": [7.25, 6, 7.5, 6.5], "texture": "#0"},
				"up": {"uv": [2.75, 7.75, 2.5, 7.5], "texture": "#0"},
				"down": {"uv": [3, 7.5, 2.75, 7.75], "texture": "#0"}
			}
		},
		{
			"from": [6, 2, 6],
			"to": [7, 4, 7],
			"faces": {
				"north": {"uv": [7.25, 6.5, 7.5, 7], "texture": "#0"},
				"east": {"uv": [7.25, 7, 7.5, 7.5], "texture": "#0"},
				"south": {"uv": [0, 7.5, 0.25, 8], "texture": "#0"},
				"west": {"uv": [0.25, 7.5, 0.5, 8], "texture": "#0"},
				"up": {"uv": [3.25, 7.75, 3, 7.5], "texture": "#0"},
				"down": {"uv": [3.5, 7.5, 3.25, 7.75], "texture": "#0"}
			}
		},
		{
			"from": [2, 2, 2],
			"to": [3, 4, 3],
			"faces": {
				"north": {"uv": [0.5, 7.5, 0.75, 8], "texture": "#0"},
				"east": {"uv": [0.75, 7.5, 1, 8], "texture": "#0"},
				"south": {"uv": [1, 7.5, 1.25, 8], "texture": "#0"},
				"west": {"uv": [1.25, 7.5, 1.5, 8], "texture": "#0"},
				"up": {"uv": [3.75, 7.75, 3.5, 7.5], "texture": "#0"},
				"down": {"uv": [7.75, 4.5, 7.5, 4.75], "texture": "#0"}
			}
		},
		{
			"from": [6, 2, 2],
			"to": [7, 4, 3],
			"faces": {
				"north": {"uv": [1.5, 7.5, 1.75, 8], "texture": "#0"},
				"east": {"uv": [1.75, 7.5, 2, 8], "texture": "#0"},
				"south": {"uv": [2, 7.5, 2.25, 8], "texture": "#0"},
				"west": {"uv": [2.25, 7.5, 2.5, 8], "texture": "#0"},
				"up": {"uv": [5, 7.75, 4.75, 7.5], "texture": "#0"},
				"down": {"uv": [7.75, 4.75, 7.5, 5], "texture": "#0"}
			}
		},
		{
			"from": [2, 2, 10],
			"to": [3, 3, 11],
			"faces": {
				"north": {"uv": [5, 7.5, 5.25, 7.75], "texture": "#0"},
				"east": {"uv": [7.5, 5, 7.75, 5.25], "texture": "#0"},
				"south": {"uv": [5.25, 7.5, 5.5, 7.75], "texture": "#0"},
				"west": {"uv": [7.5, 5.25, 7.75, 5.5], "texture": "#0"},
				"up": {"uv": [5.75, 7.75, 5.5, 7.5], "texture": "#0"},
				"down": {"uv": [7.75, 5.5, 7.5, 5.75], "texture": "#0"}
			}
		},
		{
			"from": [4, 2, 10],
			"to": [5, 3, 11],
			"faces": {
				"north": {"uv": [5.75, 7.5, 6, 7.75], "texture": "#0"},
				"east": {"uv": [7.5, 5.75, 7.75, 6], "texture": "#0"},
				"south": {"uv": [6, 7.5, 6.25, 7.75], "texture": "#0"},
				"west": {"uv": [7.5, 6, 7.75, 6.25], "texture": "#0"},
				"up": {"uv": [6.5, 7.75, 6.25, 7.5], "texture": "#0"},
				"down": {"uv": [7.75, 6.25, 7.5, 6.5], "texture": "#0"}
			}
		},
		{
			"from": [6, 2, 10],
			"to": [7, 3, 11],
			"faces": {
				"north": {"uv": [6.5, 7.5, 6.75, 7.75], "texture": "#0"},
				"east": {"uv": [7.5, 6.5, 7.75, 6.75], "texture": "#0"},
				"south": {"uv": [6.75, 7.5, 7, 7.75], "texture": "#0"},
				"west": {"uv": [7.5, 6.75, 7.75, 7], "texture": "#0"},
				"up": {"uv": [7.25, 7.75, 7, 7.5], "texture": "#0"},
				"down": {"uv": [7.75, 7, 7.5, 7.25], "texture": "#0"}
			}
		}
	],
	"groups": [
		{
			"name": "VoxelShapes",
			"origin": [0, 0, 0],
			"color": 0,
			"nbt": "{}",
			"children": [0, 1, 2, 3, 4, 5, 6, 7, 8, 9, 10, 11, 12]
		}
	]
}