{
	"schemaVersion": 1,
	"id": "fighterfromstone",
	"version": "${version}",
	"name": "FighterFromStone",
	"description": "This mod allows players to build their own fighters from scratch\nPlayer can find out how to get started through the \nbuilt-in progression system. Enjoy!",
	"authors": [
		"Salmoon 鮭魚",
		"粉磷"
	],
	"contact": {
		"homepage": "https://fabricmc.net/",
		"sources": "https://github.com/FabricMC/fabric-example-mod"
	},
	"license": "CC0-1.0",
	"icon": "assets/fighterfromstone/icon.png",
	"environment": "*",
	"entrypoints": {
		"main": [
			"com.salmoon.fighterfromstone.FighterFromStone"
		],
		"client": [
			"com.salmoon.fighterfromstone.FighterFromStoneClient"
		],
		"fabric-datagen": [
			"com.salmoon.fighterfromstone.FighterFromStoneDataGenerator"
		]
	},
	"mixins": [
		"fighterfromstone.mixins.json"
	],
	"depends": {
		"fabricloader": ">=0.15.6",
		"minecraft": "~1.20.1",
		"java": ">=17",
		"fabric-api": "*"
	},
	"suggests": {
		"another-mod": "*"
	}
}